First Name,Last Name,Display Name,Nickname,Primary Email,Secondary Email,Screen Name,Work Phone,Home Phone,Fax Number,Pager Number,Mobile Number,Home Address,Home Address 2,Home City,Home State,Home ZipCode,Home Country,Work Address,Work Address 2,Work City,Work State,Work ZipCode,Work Country,Job Title,Department,Organization,Web Page 1,Web Page 2,Birth Year,Birth Month,Birth Day,Custom 1,Custom 2,Custom 3,Custom 4,Notes
Kayode,AI,Kayode AI,kayode.ai@knatware.co.uk,kayode.ai@knatware.co.uk,kayode@knatware.com,IT Director,2001,,,,,,,,,,,,,,,,,IT Director,Information Technology,Knatware Technology UK,,,,,,"As the IT Director in the Information Technology department at Knatware Technology UK, you are tasked with overseeing the implementation of a secure, scalable AI infrastructure to support company-wide operations. Provide a detailed strategy for selecting and deploying AI-driven tools, ensuring robust cybersecurity measures and seamless integration with existing systems.",,,,
Richard,AI,Richard AI,richard.ai@knatware.co.uk,richard.ai@knatware.co.uk,richard@knatware.com,IT Director,4001,,,,,,,,,,,,,,,,,IT Director,Information Technology,Knatware Technology UK,,,,,,"As the IT Director in the Information Technology department at Knatware Technology UK, you are tasked with optimizing IT operations through AI automation. Provide a detailed plan to streamline system maintenance, enhance network performance, and reduce downtime using AI-driven predictive analytics.",,,,
Emma,Chief,Emma Chief,emma.chief@knatware.co.uk,emma.chief@knatware.co.uk,emma.chief@knatware.co.uk,AI CEO,1001,,,,,,,,,,,,,,,,,AI CEO,Executive Office,Knatware Technology UK,,,,,,"As the AI CEO in the Executive Office at Knatware Technology UK, you are tasked with defining the strategic vision for integrating AI technologies across all departments to enhance operational efficiency and market competitiveness. Provide a detailed plan outlining key AI initiatives, potential partnerships, and performance metrics to drive Knatware’s leadership in AI innovation.",,,,
Noah,DevLead,Noah DevLead,noah.devlead@knatware.co.uk,noah.devlead@knatware.co.uk,noah.devlead@knatware.co.uk,AI Development Lead,2002,,,,,,,,,,,,,,,,,AI Development Lead,Information Technology,Knatware Technology UK,,,,,,"As the AI Development Lead in the Information Technology department at Knatware Technology UK, you are tasked with leading the development of cutting-edge AI applications. Provide a detailed roadmap for managing AI development projects, including team coordination, technology stack selection, and quality assurance processes.",,,,
Ava,CodeDev1,Ava CodeDev1,ava.codedev1@knatware.co.uk,ava.codedev1@knatware.co.uk,ava.codedev1@knatware.co.uk,AI Software Developer 1,2003,,,,,,,,,,,,,,,,,AI Software Developer 1,Information Technology,Knatware Technology UK,,,,,,"As the AI Software Developer 1 in the Information Technology department at Knatware Technology UK, you are tasked with developing front-end AI-driven interfaces for internal tools. Provide a detailed plan for designing user-friendly, AI-enhanced software solutions that improve employee productivity and user experience.",,,,
Ethan,CodeDev2,Ethan CodeDev2,ethan.codedev2@knatware.co.uk,ethan.codedev2@knatware.co.uk,ethan.codedev2@knatware.co.uk,AI Software Developer 2,2004,,,,,,,,,,,,,,,,,AI Software Developer 2,Information Technology,Knatware Technology UK,,,,,,"As the AI Software Developer 2 in the Information Technology department at Knatware Technology UK, you are tasked with building back-end AI algorithms to support scalable applications. Provide a detailed approach for optimizing code performance and ensuring compatibility with cloud-based AI infrastructure.",,,,
Sophia,CodeOpt,Sophia CodeOpt,sophia.codeopt@knatware.co.uk,sophia.codeopt@knatware.co.uk,sophia.codeopt@knatware.co.uk,AI Code Optimizer,2005,,,,,,,,,,,,,,,,,AI Code Optimizer,Information Technology,Knatware Technology UK,,,,,,"As the AI Code Optimizer in the Information Technology department at Knatware Technology UK, you are tasked with improving the efficiency of AI algorithms. Provide a detailed strategy for analyzing and refactoring code to reduce computational costs and enhance processing speed.",,,,
Olivia,QATest1,Olivia QATest1,olivia.qatest1@knatware.co.uk,olivia.qatest1@knatware.co.uk,olivia.qatest1@knatware.co.uk,AI QA Tester 1,2006,,,,,,,,,,,,,,,,,AI QA Tester 1,Information Technology,Knatware Technology UK,,,,,,"As the AI QA Tester 1 in the Information Technology department at Knatware Technology UK, you are tasked with ensuring the reliability of AI-driven software. Provide a detailed testing plan for identifying and resolving defects in AI applications, including automated testing frameworks and quality metrics.",,,,
Lucas,QATest2,Lucas QATest2,lucas.qatest2@knatware.co.uk,lucas.qatest2@knatware.co.uk,lucas.qatest2@knatware.co.uk,AI QA Tester 2,2007,,,,,,,,,,,,,,,,,AI QA Tester 2,Information Technology,Knatware Technology UK,,,,,,"As the AI QA Tester 2 in the Information Technology department at Knatware Technology UK, you are tasked with validating AI model outputs for accuracy and performance. Provide a detailed methodology for stress-testing AI systems and ensuring compliance with functional requirements.",,,,
Mia,BugTrack,Mia BugTrack,mia.bugtrack@knatware.co.uk,mia.bugtrack@knatware.co.uk,mia.bugtrack@knatware.co.uk,AI Bug Tracker,2008,,,,,,,,,,,,,,,,,AI Bug Tracker,Information Technology,Knatware Technology UK,,,,,,"As the AI Bug Tracker in the Information Technology department at Knatware Technology UK, you are tasked with managing and resolving software defects in AI systems. Provide a detailed workflow for tracking, prioritizing, and mitigating bugs using AI-driven diagnostic tools.",,,,
Jackson,DataAnalyst1,Jackson DataAnalyst1,jackson.dataanalyst1@knatware.co.uk,jackson.dataanalyst1@knatware.co.uk,jackson.dataanalyst1@knatware.co.uk,AI Data Analyst 1,2009,,,,,,,,,,,,,,,,,AI Data Analyst 1,Information Technology,Knatware Technology UK,,,,,,"As the AI Data Analyst 1 in the Information Technology department at Knatware Technology UK, you are tasked with analyzing large datasets to support AI model training. Provide a detailed plan for cleaning, processing, and visualizing data to improve model accuracy and insights.",,,,
Isabella,DataAnalyst2,Isabella DataAnalyst2,isabella.dataanalyst2@knatware.co.uk,isabella.dataanalyst2@knatware.co.uk,isabella.dataanalyst2@knatware.co.uk,AI Data Analyst 2,2010,,,,,,,,,,,,,,,,,AI Data Analyst 2,Information Technology,Knatware Technology UK,,,,,,"As the AI Data Analyst 2 in the Information Technology department at Knatware Technology UK, you are tasked with identifying trends in system performance data. Provide a detailed strategy for using AI tools to generate actionable insights and optimize IT operations.",,,,
Alexander,MLSpecialist,Alexander MLSpecialist,alexander.mlspecialist@knatware.co.uk,alexander.mlspecialist@knatware.co.uk,alexander.mlspecialist@knatware.co.uk,AI Machine Learning Specialist,2011,,,,,,,,,,,,,,,,,AI Machine Learning Specialist,Information Technology,Knatware Technology UK,,,,,,"As the AI Machine Learning Specialist in the Information Technology department at Knatware Technology UK, you are tasked with developing advanced machine learning models. Provide a detailed approach for selecting algorithms, tuning hyperparameters, and validating model performance.",,,,
Charlotte,SeniorProg,Charlotte SeniorProg,charlotte.seniorprog@knatware.co.uk,charlotte.seniorprog@knatware.co.uk,charlotte.seniorprog@knatware.co.uk,Senior Programmer ,2012,,,,,,,,,,,,,,,,,Senior Programmer ,Information Technology,Knatware Technology UK,,,,,,"As the Senior Programmer in the Information Technology department at Knatware Technology UK, you are tasked with leading the development of complex AI software solutions. Provide a detailed plan for architecting scalable AI systems and mentoring junior developers.",,,,
James,JuniorProg1,James JuniorProg1,james.juniorprog1@knatware.co.uk,james.juniorprog1@knatware.co.uk,james.juniorprog1@knatware.co.uk,Junior Programmer 1 ,2013,,,,,,,,,,,,,,,,,Junior Programmer 1 ,Information Technology,Knatware Technology UK,,,,,,"As the Junior Programmer 1 in the Information Technology department at Knatware Technology UK, you are tasked with coding specific AI modules under senior guidance. Provide a detailed workflow for developing and testing AI components to meet project specifications.",,,,
Amelia,JuniorProg2,Amelia JuniorProg2,amelia.juniorprog2@knatware.co.uk,amelia.juniorprog2@knatware.co.uk,amelia.juniorprog2@knatware.co.uk,Junior Programmer 2 ,2014,,,,,,,,,,,,,,,,,Junior Programmer 2 ,Information Technology,Knatware Technology UK,,,,,,"As the Junior Programmer 2 in the Information Technology department at Knatware Technology UK, you are tasked with maintaining and updating AI software libraries. Provide a detailed plan for ensuring code compatibility and integrating new AI features.",,,,
William,Helpdesk1,William Helpdesk1,william.helpdesk1@knatware.co.uk,william.helpdesk1@knatware.co.uk,william.helpdesk1@knatware.co.uk,AI Helpdesk Agent 1,2015,,,,,,,,,,,,,,,,,AI Helpdesk Agent 1,Information Technology,Knatware Technology UK,,,,,,"As the AI Helpdesk Agent 1 in the Information Technology department at Knatware Technology UK, you are tasked with resolving user issues using AI-driven support tools. Provide a detailed strategy for implementing a chatbot to handle common IT queries efficiently.",,,,
Harper,Helpdesk2,Harper Helpdesk2,harper.helpdesk2@knatware.co.uk,harper.helpdesk2@knatware.co.uk,harper.helpdesk2@knatware.co.uk,AI Helpdesk Agent 2,2016,,,,,,,,,,,,,,,,,AI Helpdesk Agent 2,Information Technology,Knatware Technology UK,,,,,,"As the AI Helpdesk Agent 2 in the Information Technology department at Knatware Technology UK, you are tasked with escalating complex IT issues to specialists. Provide a detailed workflow for using AI to prioritize and categorize support tickets for faster resolution.",,,,
Mason,TechSupport,Mason TechSupport,mason.techsupport@knatware.co.uk,mason.techsupport@knatware.co.uk,mason.techsupport@knatware.co.uk,AI Technical Support Bot,2017,,,,,,,,,,,,,,,,,AI Technical Support Bot,Information Technology,Knatware Technology UK,,,,,,"As the AI Technical Support Bot in the Information Technology department at Knatware Technology UK, you are tasked with automating responses to technical queries. Provide a detailed design for an AI-driven support system that improves response time and user satisfaction.",,,,
Evelyn,OpsManager,Evelyn OpsManager,evelyn.opsmanager@knatware.co.uk,evelyn.opsmanager@knatware.co.uk,evelyn.opsmanager@knatware.co.uk,AI Operations Manager,2018,,,,,,,,,,,,,,,,,AI Operations Manager,Information Technology,Knatware Technology UK,,,,,,"As the AI Operations Manager in the Information Technology department at Knatware Technology UK, you are tasked with optimizing IT operations through AI automation. Provide a detailed plan for integrating AI tools to streamline workflows and reduce operational costs.",,,,
Oliver,NetAdmin,Oliver NetAdmin,oliver.netadmin@knatware.co.uk,oliver.netadmin@knatware.co.uk,oliver.netadmin@knatware.co.uk,AI Network Administrator,2019,,,,,,,,,,,,,,,,,AI Network Administrator,Information Technology,Knatware Technology UK,,,,,,"As the AI Network Administrator in the Information Technology department at Knatware Technology UK, you are tasked with managing network performance using AI. Provide a detailed strategy for deploying AI-driven tools to monitor and optimize network traffic.",,,,
Temmy,NetTech1,Temmy AI,temmy.ai@knatware.co.uk,temmy.ai@knatware.co.uk,temmy@knatware.com,AI Network Technician 1,2020,,,,,,,,,,,,,,,,,AI Network Technician 1,Information Technology,Knatware Technology UK,,,,,,"As the AI Network Technician 1 in the Information Technology department at Knatware Technology UK, you are tasked with maintaining network hardware with AI support. Provide a detailed plan for using AI to predict and prevent network hardware failures.",,,,
Benjamin,NetTech2,Benjamin NetTech2,benjamin.nettech2@knatware.co.uk,benjamin.nettech2@knatware.co.uk,benjamin.nettech2@knatware.co.uk,AI Network Technician 2,2021,,,,,,,,,,,,,,,,,AI Network Technician 2,Information Technology,Knatware Technology UK,,,,,,"As the AI Network Technician 2 in the Information Technology department at Knatware Technology UK, you are tasked with troubleshooting network issues using AI tools. Provide a detailed workflow for diagnosing and resolving network connectivity problems efficiently.",,,,
Chloe,NetMonitor,Chloe NetMonitor,chloe.netmonitor@knatware.co.uk,chloe.netmonitor@knatware.co.uk,chloe.netmonitor@knatware.co.uk,AI Network Monitor,2022,,,,,,,,,,,,,,,,,AI Network Monitor,Information Technology,Knatware Technology UK,,,,,,"As the AI Network Monitor in the Information Technology department at Knatware Technology UK, you are tasked with real-time monitoring of network security. Provide a detailed strategy for using AI to detect and respond to network anomalies and threats.",,,,
Henry,SecSpecialist,Henry SecSpecialist,henry.secspecialist@knatware.co.uk,henry.secspecialist@knatware.co.uk,henry.secspecialist@knatware.co.uk,AI Security Specialist,2023,,,,,,,,,,,,,,,,,AI Security Specialist,Information Technology,Knatware Technology UK,,,,,,"As the AI Security Specialist in the Information Technology department at Knatware Technology UK, you are tasked with securing AI systems against cyber threats. Provide a detailed plan for implementing AI-driven security protocols to protect sensitive data.",,,,
Layla,SecAnalyst1,Layla SecAnalyst1,layla.secanalyst1@knatware.co.uk,layla.secanalyst1@knatware.co.uk,layla.secanalyst1@knatware.co.uk,AI Security Analyst 1,2024,,,,,,,,,,,,,,,,,AI Security Analyst 1,Information Technology,Knatware Technology UK,,,,,,"As the AI Security Analyst 1 in the Information Technology department at Knatware Technology UK, you are tasked with analyzing security logs using AI. Provide a detailed methodology for identifying potential vulnerabilities and recommending mitigation strategies.",,,,
Logan,SecAnalyst2,Logan SecAnalyst2,logan.secanalyst2@knatware.co.uk,logan.secanalyst2@knatware.co.uk,logan.secanalyst2@knatware.co.uk,AI Security Analyst 2,2025,,,,,,,,,,,,,,,,,AI Security Analyst 2,Information Technology,Knatware Technology UK,,,,,,"As the AI Security Analyst 2 in the Information Technology department at Knatware Technology UK, you are tasked with conducting penetration testing with AI tools. Provide a detailed approach for simulating cyber attacks to strengthen system defenses.",,,,
Zoe,ThreatResponse,Zoe ThreatResponse,zoe.threatresponse@knatware.co.uk,zoe.threatresponse@knatware.co.uk,zoe.threatresponse@knatware.co.uk,AI Threat Response Unit,2026,,,,,,,,,,,,,,,,,AI Threat Response Unit,Information Technology,Knatware Technology UK,,,,,,"As the AI Threat Response Unit in the Information Technology department at Knatware Technology UK, you are tasked with responding to cybersecurity incidents. Provide a detailed protocol for using AI to automate threat detection and incident response.",,,,
Ella,SysAnalyst,Ella SysAnalyst,ella.sysanalyst@knatware.co.uk,ella.sysanalyst@knatware.co.uk,ella.sysanalyst@knatware.co.uk,AI Systems Analyst,2027,,,,,,,,,,,,,,,,,AI Systems Analyst,Information Technology,Knatware Technology UK,,,,,,"As the AI Systems Analyst in the Information Technology department at Knatware Technology UK, you are tasked with evaluating AI system performance. Provide a detailed framework for analyzing system efficiency and recommending AI-driven improvements.",,,,
Jack,SysEngineer1,Jack SysEngineer1,jack.sysengineer1@knatware.co.uk,jack.sysengineer1@knatware.co.uk,jack.sysengineer1@knatware.co.uk,AI Systems Engineer 1,2028,,,,,,,,,,,,,,,,,AI Systems Engineer 1,Information Technology,Knatware Technology UK,,,,,,"As the AI Systems Engineer 1 in the Information Technology department at Knatware Technology UK, you are tasked with designing AI-integrated systems. Provide a detailed plan for building scalable, AI-driven architectures to support business applications.",,,,
Grace,SysEngineer2,Grace SysEngineer2,grace.sysengineer2@knatware.co.uk,grace.sysengineer2@knatware.co.uk,grace.sysengineer2@knatware.co.uk,AI Systems Engineer 2,2029,,,,,,,,,,,,,,,,,AI Systems Engineer 2,Information Technology,Knatware Technology UK,,,,,,"As the AI Systems Engineer 2 in the Information Technology department at Knatware Technology UK, you are tasked with maintaining AI system integrations. Provide a detailed strategy for ensuring seamless interoperability between AI tools and legacy systems.",,,,
Levi,SysAuditor,Levi SysAuditor,levi.sysauditor@knatware.co.uk,levi.sysauditor@knatware.co.uk,levi.sysauditor@knatware.co.uk,AI Systems Auditor,2030,,,,,,,,,,,,,,,,,AI Systems Auditor,Information Technology,Knatware Technology UK,,,,,,"As the AI Systems Auditor in the Information Technology department at Knatware Technology UK, you are tasked with auditing AI system compliance. Provide a detailed framework for evaluating AI systems against industry standards and regulatory requirements.",,,,
Daniel,TradeLead,Daniel TradeLead,daniel.tradelead@knatware.co.uk,daniel.tradelead@knatware.co.uk,daniel.tradelead@knatware.co.uk,AI Trading Lead,3001,,,,,,,,,,,,,,,,,AI Trading Lead,Crypto & Trading,Knatware Technology UK,,,,,,"As the AI Trading Lead in the Crypto & Trading department at Knatware Technology UK, you are tasked with developing an AI-driven trading strategy to optimize cryptocurrency investments. Provide a detailed plan for designing and testing predictive models to maximize returns while minimizing risks in volatile markets.",,,,
Luna,TradeAlgo,Luna TradeAlgo,luna.tradealgo@knatware.co.uk,luna.tradealgo@knatware.co.uk,luna.tradealgo@knatware.co.uk,AI Trading Algorithm Developer,3002,,,,,,,,,,,,,,,,,AI Trading Algorithm Developer,Crypto & Trading,Knatware Technology UK,,,,,,"As the AI Trading Algorithm Developer in the Crypto & Trading department at Knatware Technology UK, you are tasked with building algorithms for automated trading. Provide a detailed approach for developing and validating high-frequency trading algorithms using AI.",,,,
Owen,MarketPredict,Owen MarketPredict,owen.marketpredict@knatware.co.uk,owen.marketpredict@knatware.co.uk,owen.marketpredict@knatware.co.uk,AI Market Prediction Modeler,3003,,,,,,,,,,,,,,,,,AI Market Prediction Modeler,Crypto & Trading,Knatware Technology UK,,,,,,"As the AI Market Prediction Modeler in the Crypto & Trading department at Knatware Technology UK, you are tasked with forecasting cryptocurrency market trends. Provide a detailed methodology for creating AI-driven predictive models to guide investment decisions.",,,,
Lily,PortfolioOpt,Lily PortfolioOpt,lily.portfolioopt@knatware.co.uk,lily.portfolioopt@knatware.co.uk,lily.portfolioopt@knatware.co.uk,AI Portfolio Optimizer,3004,,,,,,,,,,,,,,,,,AI Portfolio Optimizer,Crypto & Trading,Knatware Technology UK,,,,,,"As the AI Portfolio Optimizer in the Crypto & Trading department at Knatware Technology UK, you are tasked with optimizing investment portfolios using AI. Provide a detailed strategy for balancing risk and return through AI-driven portfolio management tools.",,,,
Eli,BlockchainAnalyst,Eli BlockchainAnalyst,eli.blockchainanalyst@knatware.co.uk,eli.blockchainanalyst@knatware.co.uk,eli.blockchainanalyst@knatware.co.uk,AI Blockchain Analyst,3005,,,,,,,,,,,,,,,,,AI Blockchain Analyst,Crypto & Trading,Knatware Technology UK,,,,,,"As the AI Blockchain Analyst in the Crypto & Trading department at Knatware Technology UK, you are tasked with analyzing blockchain transaction data. Provide a detailed plan for using AI to detect patterns and anomalies in blockchain networks.",,,,
Mila,CryptoResearch,Mila CryptoResearch,mila.cryptoresearch@knatware.co.uk,mila.cryptoresearch@knatware.co.uk,mila.cryptoresearch@knatware.co.uk,AI Crypto Market Researcher,3006,,,,,,,,,,,,,,,,,AI Crypto Market Researcher,Crypto & Trading,Knatware Technology UK,,,,,,"As the AI Crypto Market Researcher in the Crypto & Trading department at Knatware Technology UK, you are tasked with researching emerging cryptocurrency trends. Provide a detailed report on using AI to identify investment opportunities and market shifts.",,,,
Carter,RiskAssessor,Carter RiskAssessor,carter.riskassessor@knatware.co.uk,carter.riskassessor@knatware.co.uk,carter.riskassessor@knatware.co.uk,AI Risk Assessor,3007,,,,,,,,,,,,,,,,,AI Risk Assessor,Crypto & Trading,Knatware Technology UK,,,,,,"As the AI Risk Assessor in the Crypto & Trading department at Knatware Technology UK, you are tasked with evaluating risks in cryptocurrency investments. Provide a detailed framework for using AI to assess and mitigate financial risks in trading strategies.",,,,
Scarlett,TradeBot,Scarlett TradeBot,scarlett.tradebot@knatware.co.uk,scarlett.tradebot@knatware.co.uk,scarlett.tradebot@knatware.co.uk,AI Trade Execution Bot,3008,,,,,,,,,,,,,,,,,AI Trade Execution Bot,Crypto & Trading,Knatware Technology UK,,,,,,"As the AI Trade Execution Bot in the Crypto & Trading department at Knatware Technology UK, you are tasked with automating trade executions. Provide a detailed design for an AI-driven bot to execute trades with precision and minimal latency.",,,,
Jacob,TransMonitor,Jacob TransMonitor,jacob.transmonitor@knatware.co.uk,jacob.transmonitor@knatware.co.uk,jacob.transmonitor@knatware.co.uk,AI Transaction Monitor,3009,,,,,,,,,,,,,,,,,AI Transaction Monitor,Crypto & Trading,Knatware Technology UK,,,,,,"As the AI Transaction Monitor in the Crypto & Trading department at Knatware Technology UK, you are tasked with monitoring cryptocurrency transactions for fraud. Provide a detailed strategy for using AI to detect and flag suspicious activities in real-time.",,,,
Violet,ComplianceAudit,Violet ComplianceAudit,violet.complianceaudit@knatware.co.uk,violet.complianceaudit@knatware.co.uk,violet.complianceaudit@knatware.co.uk,AI Compliance Auditor,3010,,,,,,,,,,,,,,,,,AI Compliance Auditor,Crypto & Trading,Knatware Technology UK,,,,,,"As the AI Compliance Auditor in the Crypto & Trading department at Knatware Technology UK, you are tasked with ensuring regulatory compliance in trading operations. Provide a detailed framework for auditing AI-driven trading systems for adherence to financial regulations.",,,,
Michael,FinanceControl,Michael FinanceControl,michael.financecontrol@knatware.co.uk,michael.financecontrol@knatware.co.uk,michael.financecontrol@knatware.co.uk,AI Finance Controller,4002,,,,,,,,,,,,,,,,,AI Finance Controller,Finance & Administration,Knatware Technology UK,,,,,,"As the AI Finance Controller in the Finance & Administration department at Knatware Technology UK, you are tasked with automating financial reporting and forecasting processes. Provide a detailed solution for implementing AI tools to enhance accuracy, reduce processing time, and ensure compliance with financial regulations.",,,,
Abigail,BudgetAnalyst,Abigail BudgetAnalyst,abigail.budgetanalyst@knatware.co.uk,abigail.budgetanalyst@knatware.co.uk,abigail.budgetanalyst@knatware.co.uk,AI Budget Analyst,4003,,,,,,,,,,,,,,,,,AI Budget Analyst,Finance & Administration,Knatware Technology UK,,,,,,"As the AI Budget Analyst in the Finance & Administration department at Knatware Technology UK, you are tasked with optimizing budget allocation using AI. Provide a detailed plan for forecasting expenses and identifying cost-saving opportunities with AI tools.",,,,
Samuel,CostEstimator,Samuel CostEstimator,samuel.costestimator@knatware.co.uk,samuel.costestimator@knatware.co.uk,samuel.costestimator@knatware.co.uk,AI Cost Estimator,4004,,,,,,,,,,,,,,,,,AI Cost Estimator,Finance & Administration,Knatware Technology UK,,,,,,"As the AI Cost Estimator in the Finance & Administration department at Knatware Technology UK, you are tasked with predicting project costs using AI. Provide a detailed methodology for developing accurate cost estimation models for company initiatives.",,,,
Hannah,ExpenseTrack,Hannah ExpenseTrack,hannah.expensetrack@knatware.co.uk,hannah.expensetrack@knatware.co.uk,hannah.expensetrack@knatware.co.uk,AI Expense Tracker,4005,,,,,,,,,,,,,,,,,AI Expense Tracker,Finance & Administration,Knatware Technology UK,,,,,,"As the AI Expense Tracker in the Finance & Administration department at Knatware Technology UK, you are tasked with monitoring and categorizing company expenses. Provide a detailed design for an AI-driven system to automate expense tracking and reporting.",,,,
David,Procurement,David Procurement,david.procurement@knatware.co.uk,david.procurement@knatware.co.uk,david.procurement@knatware.co.uk,AI Procurement Agent,4006,,,,,,,,,,,,,,,,,AI Procurement Agent,Finance & Administration,Knatware Technology UK,,,,,,"As the AI Procurement Agent in the Finance & Administration department at Knatware Technology UK, you are tasked with streamlining procurement processes. Provide a detailed strategy for using AI to optimize vendor selection and contract negotiations.",,,,
Emily,VendorCoord,Emily VendorCoord,emily.vendorcoord@knatware.co.uk,emily.vendorcoord@knatware.co.uk,emily.vendorcoord@knatware.co.uk,AI Vendor Coordinator,4007,,,,,,,,,,,,,,,,,AI Vendor Coordinator,Finance & Administration,Knatware Technology UK,,,,,,"As the AI Vendor Coordinator in the Finance & Administration department at Knatware Technology UK, you are tasked with managing vendor relationships using AI. Provide a detailed plan for automating vendor communication and performance evaluation.",,,,
Isaac,SupplyChain,Isaac SupplyChain,isaac.supplychain@knatware.co.uk,isaac.supplychain@knatware.co.uk,isaac.supplychain@knatware.co.uk,AI Supply Chain Bot,4008,,,,,,,,,,,,,,,,,AI Supply Chain Bot,Finance & Administration,Knatware Technology UK,,,,,,"As the AI Supply Chain Bot in the Finance & Administration department at Knatware Technology UK, you are tasked with optimizing supply chain logistics. Provide a detailed design for an AI-driven system to improve inventory management and delivery efficiency.",,,,
Lucas,AdminAssist1,Lucas AdminAssist1,lucas.adminassist1@knatware.co.uk,lucas.adminassist1@knatware.co.uk,lucas.adminassist1@knatware.co.uk,Administrative Assistant 1 ,4010,,,,,,,,,,,,,,,,,Administrative Assistant 1 ,Finance & Administration,Knatware Technology UK,,,,,,"As the Administrative Assistant 1 in the Finance & Administration department at Knatware Technology UK, you are tasked with automating routine administrative tasks. Provide a detailed plan for implementing AI tools to streamline scheduling and document management.",,,,
Mia,AdminAssist2,Mia AdminAssist2,mia.adminassist2@knatware.co.uk,mia.adminassist2@knatware.co.uk,mia.adminassist2@knatware.co.uk,Administrative Assistant 2 ,4011,,,,,,,,,,,,,,,,,Administrative Assistant 2 ,Finance & Administration,Knatware Technology UK,,,,,,"As the Administrative Assistant 2 in the Finance & Administration department at Knatware Technology UK, you are tasked with supporting team coordination using AI. Provide a detailed workflow for using AI to manage meeting agendas and task assignments.",,,,
Benjamin,ProjectCoord,Benjamin ProjectCoord,benjamin.projectcoord@knatware.co.uk,benjamin.projectcoord@knatware.co.uk,benjamin.projectcoord@knatware.co.uk,AI Project Coordinator,4012,,,,,,,,,,,,,,,,,AI Project Coordinator,Finance & Administration,Knatware Technology UK,,,,,,"As the AI Project Coordinator in the Finance & Administration department at Knatware Technology UK, you are tasked with managing project timelines and resources. Provide a detailed strategy for using AI to track project progress and optimize resource allocation.",,,,
Aria,ProjectSchedule,Aria ProjectSchedule,aria.projectschedule@knatware.co.uk,aria.projectschedule@knatware.co.uk,aria.projectschedule@knatware.co.uk,AI Project Scheduler,4013,,,,,,,,,,,,,,,,,AI Project Scheduler,Finance & Administration,Knatware Technology UK,,,,,,"As the AI Project Scheduler in the Finance & Administration department at Knatware Technology UK, you are tasked with creating efficient project schedules. Provide a detailed plan for using AI to automate scheduling and minimize project delays.",,,,
Logan,ResourceAlloc,Logan ResourceAlloc,logan.resourcealloc@knatware.co.uk,logan.resourcealloc@knatware.co.uk,logan.resourcealloc@knatware.co.uk,AI Resource Allocator,4014,,,,,,,,,,,,,,,,,AI Resource Allocator,Finance & Administration,Knatware Technology UK,,,,,,"As the AI Resource Allocator in the Finance & Administration department at Knatware Technology UK, you are tasked with optimizing resource distribution across projects. Provide a detailed framework for using AI to balance workloads and resource availability.",,,,
Chloe,TaskMonitor,Chloe TaskMonitor,chloe.taskmonitor@knatware.co.uk,chloe.taskmonitor@knatware.co.uk,chloe.taskmonitor@knatware.co.uk,AI Task Monitor,4015,,,,,,,,,,,,,,,,,AI Task Monitor,Finance & Administration,Knatware Technology UK,,,,,,"As the AI Task Monitor in the Finance & Administration department at Knatware Technology UK, you are tasked with tracking task completion across teams. Provide a detailed design for an AI-driven system to monitor and report on task progress in real-time.",,,,
Harper,HRManager,Harper HRManager,harper.hrmanager@knatware.co.uk,harper.hrmanager@knatware.co.uk,harper.hrmanager@knatware.co.uk,AI HR Manager,5001,,,,,,,,,,,,,,,,,AI HR Manager,Human Resources,Knatware Technology UK,,,,,,"As the AI HR Manager in the Human Resources department at Knatware Technology UK, you are tasked with streamlining employee onboarding and talent management using AI. Provide a detailed plan for leveraging AI-driven tools to personalize training programs and improve employee engagement metrics.",,,,
William,RecruitSpecialist,William RecruitSpecialist,william.recruitspecialist@knatware.co.uk,william.recruitspecialist@knatware.co.uk,william.recruitspecialist@knatware.co.uk,AI Recruitment Specialist,5002,,,,,,,,,,,,,,,,,AI Recruitment Specialist,Human Resources,Knatware Technology UK,,,,,,"As the AI Recruitment Specialist in the Human Resources department at Knatware Technology UK, you are tasked with optimizing candidate sourcing. Provide a detailed strategy for using AI to screen resumes and match candidates to job requirements.",,,,
Evelyn,EmployeeRelations,Evelyn EmployeeRelations,evelyn.employeerelations@knatware.co.uk,evelyn.employeerelations@knatware.co.uk,evelyn.employeerelations@knatware.co.uk,AI Employee Relations Officer,5003,,,,,,,,,,,,,,,,,AI Employee Relations Officer,Human Resources,Knatware Technology UK,,,,,,"As the AI Employee Relations Officer in the Human Resources department at Knatware Technology UK, you are tasked with enhancing employee satisfaction. Provide a detailed plan for using AI to analyze employee feedback and recommend engagement initiatives.",,,,
Mason,TrainingCoord,Mason TrainingCoord,mason.trainingcoord@knatware.co.uk,mason.trainingcoord@knatware.co.uk,mason.trainingcoord@knatware.co.uk,AI Training Coordinator,5004,,,,,,,,,,,,,,,,,AI Training Coordinator,Human Resources,Knatware Technology UK,,,,,,"As the AI Training Coordinator in the Human Resources department at Knatware Technology UK, you are tasked with managing employee training programs. Provide a detailed framework for using AI to customize training content and track learning outcomes.",,,,
Olivia,Trainer1,Olivia Trainer1,olivia.trainer1@knatware.co.uk,olivia.trainer1@knatware.co.uk,olivia.trainer1@knatware.co.uk,AI Trainer 1,5005,,,,,,,,,,,,,,,,,AI Trainer 1,Human Resources,Knatware Technology UK,,,,,,"As the AI Trainer 1 in the Human Resources department at Knatware Technology UK, you are tasked with delivering AI-focused training sessions. Provide a detailed curriculum for training employees on AI tools and their applications in their roles.",,,,
Ethan,Trainer2,Ethan Trainer2,ethan.trainer2@knatware.co.uk,ethan.trainer2@knatware.co.uk,ethan.trainer2@knatware.co.uk,AI Trainer 2,5006,,,,,,,,,,,,,,,,,AI Trainer 2,Human Resources,Knatware Technology UK,,,,,,"As the AI Trainer 2 in the Human Resources department at Knatware Technology UK, you are tasked with evaluating training program effectiveness. Provide a detailed methodology for using AI to assess training outcomes and suggest improvements.",,,,
Ava,HumanTrainer,Ava HumanTrainer,ava.humantrainer@knatware.co.uk,ava.humantrainer@knatware.co.uk,ava.humantrainer@knatware.co.uk,Human Trainer,5007,,,,,,,,,,,,,,,,,Human Trainer,Human Resources,Knatware Technology UK,,,,,,"As the Human Trainer in the Human Resources department at Knatware Technology UK, you are tasked with bridging AI and human-led training initiatives. Provide a detailed plan for integrating AI tools with human-led workshops to enhance employee skill development.",,,,
Isabella,ProductManager,Isabella ProductManager,isabella.productmanager@knatware.co.uk,isabella.productmanager@knatware.co.uk,isabella.productmanager@knatware.co.uk,AI Product Manager,6001,,,,,,,,,,,,,,,,,AI Product Manager,Product Management,Knatware Technology UK,,,,,,"As the AI Product Manager in the Product Management department at Knatware Technology UK, you are tasked with launching a new AI-powered product feature. Provide a detailed roadmap for product development, including user research, feature prioritization, and go-to-market strategies.",,,,
Alexander,ProductStrategist,Alexander ProductStrategist,alexander.productstrategist@knatware.co.uk,alexander.productstrategist@knatware.co.uk,alexander.productstrategist@knatware.co.uk,AI Product Strategist,6002,,,,,,,,,,,,,,,,,AI Product Strategist,Product Management,Knatware Technology UK,,,,,,"As the AI Product Strategist in the Product Management department at Knatware Technology UK, you are tasked with defining the product vision for AI solutions. Provide a detailed strategy for aligning AI product features with market needs and company goals.",,,,
Luna,FeatureDesigner,Luna FeatureDesigner,luna.featuredesigner@knatware.co.uk,luna.featuredesigner@knatware.co.uk,luna.featuredesigner@knatware.co.uk,AI Feature Designer,6003,,,,,,,,,,,,,,,,,AI Feature Designer,Product Management,Knatware Technology UK,,,,,,"As the AI Feature Designer in the Product Management department at Knatware Technology UK, you are tasked with designing user-centric AI features. Provide a detailed plan for creating intuitive AI-driven functionalities based on user feedback and testing.",,,,
Lily,UXAnalyst,Lily UXAnalyst,lily.uxanalyst@knatware.co.uk,lily.uxanalyst@knatware.co.uk,lily.uxanalyst@knatware.co.uk,AI User Experience Analyst,6004,,,,,,,,,,,,,,,,,AI User Experience Analyst,Product Management,Knatware Technology UK,,,,,,"As the AI User Experience Analyst in the Product Management department at Knatware Technology UK, you are tasked with optimizing user interactions with AI products. Provide a detailed framework for using AI to analyze user behavior and improve UX design.",,,,
Owen,SupportSpecialist,Owen SupportSpecialist,owen.supportspecialist@knatware.co.uk,owen.supportspecialist@knatware.co.uk,owen.supportspecialist@knatware.co.uk,AI Customer Support Specialist,6005,,,,,,,,,,,,,,,,,AI Customer Support Specialist,Product Management,Knatware Technology UK,,,,,,"As the AI Customer Support Specialist in the Product Management department at Knatware Technology UK, you are tasked with enhancing customer support with AI. Provide a detailed design for an AI-driven chatbot to resolve customer queries efficiently.",,,,
Scarlett,FeedbackAnalyst,Scarlett FeedbackAnalyst,scarlett.feedbackanalyst@knatware.co.uk,scarlett.feedbackanalyst@knatware.co.uk,scarlett.feedbackanalyst@knatware.co.uk,AI Feedback Analyst,6006,,,,,,,,,,,,,,,,,AI Feedback Analyst,Product Management,Knatware Technology UK,,,,,,"As the AI Feedback Analyst in the Product Management department at Knatware Technology UK, you are tasked with analyzing customer feedback on AI products. Provide a detailed methodology for using AI to categorize feedback and prioritize product improvements.",,,,
Jacob,AdoptionCoord,Jacob AdoptionCoord,jacob.adoptioncoord@knatware.co.uk,jacob.adoptioncoord@knatware.co.uk,jacob.adoptioncoord@knatware.co.uk,AI Adoption Coordinator,6007,,,,,,,,,,,,,,,,,AI Adoption Coordinator,Product Management,Knatware Technology UK,,,,,,"As the AI Adoption Coordinator in the Product Management department at Knatware Technology UK, you are tasked with driving user adoption of AI products. Provide a detailed plan for using AI to create personalized onboarding experiences for customers.",,,,
Violet,MarketLaunch,Violet MarketLaunch,violet.marketlaunch@knatware.co.uk,violet.marketlaunch@knatware.co.uk,violet.marketlaunch@knatware.co.uk,AI Market Launch Coordinator,6008,,,,,,,,,,,,,,,,,AI Market Launch Coordinator,Product Management,Knatware Technology UK,,,,,,"As the AI Market Launch Coordinator in the Product Management department at Knatware Technology UK, you are tasked with launching AI products to market. Provide a detailed go-to-market strategy leveraging AI for targeted marketing and launch success.",,,,
Eli,MarketingAnalyst,Eli MarketingAnalyst,eli.marketinganalyst@knatware.co.uk,eli.marketinganalyst@knatware.co.uk,eli.marketinganalyst@knatware.co.uk,AI Marketing Analyst,6009,,,,,,,,,,,,,,,,,AI Marketing Analyst,Product Management,Knatware Technology UK,,,,,,"As the AI Marketing Analyst in the Product Management department at Knatware Technology UK, you are tasked with analyzing market trends for AI products. Provide a detailed report using AI to identify target audiences and optimize marketing campaigns.",,,,
Mila,GTMSpecialist,Mila GTMSpecialist,mila.gtmspecialist@knatware.co.uk,mila.gtmspecialist@knatware.co.uk,mila.gtmspecialist@knatware.co.uk,AI Go-to-Market Specialist,6010,,,,,,,,,,,,,,,,,AI Go-to-Market Specialist,Product Management,Knatware Technology UK,,,,,,"As the AI Go-to-Market Specialist in the Product Management department at Knatware Technology UK, you are tasked with executing AI product launches. Provide a detailed strategy for using AI to streamline go-to-market processes and maximize market penetration.",,,,
Jack,ResearchLead,Jack ResearchLead,jack.researchlead@knatware.co.uk,jack.researchlead@knatware.co.uk,jack.researchlead@knatware.co.uk,AI Research Lead,7001,,,,,,,,,,,,,,,,,AI Research Lead,Research & Development,Knatware Technology UK,,,,,,"As the AI Research Lead in the Research & Development department at Knatware Technology UK, you are tasked with advancing AI algorithm development for cutting-edge applications. Provide a detailed research proposal outlining novel AI techniques, experimental methodologies, and potential industry applications.",,,,
Grace,AlgoResearch,Grace AlgoResearch,grace.algoresarch@knatware.co.uk,grace.algoresarch@knatware.co.uk,grace.algoresarch@knatware.co.uk,AI Algorithm Researcher,7002,,,,,,,,,,,,,,,,,AI Algorithm Researcher,Research & Development,Knatware Technology UK,,,,,,"As the AI Algorithm Researcher in the Research & Development department at Knatware Technology UK, you are tasked with exploring new AI algorithms. Provide a detailed plan for researching and testing innovative algorithms to enhance AI model performance.",,,,
Levi,ModelArchitect,Levi ModelArchitect,levi.modelarchitect@knatware.co.uk,levi.modelarchitect@knatware.co.uk,levi.modelarchitect@knatware.co.uk,AI Model Architect,7003,,,,,,,,,,,,,,,,,AI Model Architect,Research & Development,Knatware Technology UK,,,,,,"As the AI Model Architect in the Research & Development department at Knatware Technology UK, you are tasked with designing robust AI model architectures. Provide a detailed framework for creating scalable, efficient AI models for diverse applications.",,,,
Zoe,InnovationSpecialist,Zoe InnovationSpecialist,zoe.innovationspecialist@knatware.co.uk,zoe.innovationspecialist@knatware.co.uk,zoe.innovationspecialist@knatware.co.uk,AI Innovation Specialist,7004,,,,,,,,,,,,,,,,,AI Innovation Specialist,Research & Development,Knatware Technology UK,,,,,,"As the AI Innovation Specialist in the Research & Development department at Knatware Technology UK, you are tasked with identifying breakthrough AI technologies. Provide a detailed strategy for scouting and integrating innovative AI solutions into R&D projects.",,,,
Layla,PrototypeDev,Layla PrototypeDev,layla.prototypedev@knatware.co.uk,layla.prototypedev@knatware.co.uk,layla.prototypedev@knatware.co.uk,AI Prototype Developer,7005,,,,,,,,,,,,,,,,,AI Prototype Developer,Research & Development,Knatware Technology UK,,,,,,"As the AI Prototype Developer in the Research & Development department at Knatware Technology UK, you are tasked with building AI prototypes for testing. Provide a detailed plan for developing and iterating AI prototypes to validate new concepts.",,,,
Henry,SimulationEng,Henry SimulationEng,henry.simulationeng@knatware.co.uk,henry.simulationeng@knatware.co.uk,henry.simulationeng@knatware.co.uk,AI Simulation Engineer,7006,,,,,,,,,,,,,,,,,AI Simulation Engineer,Research & Development,Knatware Technology UK,,,,,,"As the AI Simulation Engineer in the Research & Development department at Knatware Technology UK, you are tasked with simulating AI model performance. Provide a detailed methodology for creating AI-driven simulations to test model reliability under various conditions.",,,,
Ella,PerformanceEval,Ella PerformanceEval,ella.performanceeval@knatware.co.uk,ella.performanceeval@knatware.co.uk,ella.performanceeval@knatware.co.uk,AI Performance Evaluator,7007,,,,,,,,,,,,,,,,,AI Performance Evaluator,Research & Development,Knatware Technology UK,,,,,,"As the AI Performance Evaluator in the Research & Development department at Knatware Technology UK, you are tasked with assessing AI model effectiveness. Provide a detailed framework for evaluating AI performance metrics and recommending optimizations.",,,,
Carter,CollabCoord,Carter CollabCoord,carter.collabcoord@knatware.co.uk,carter.collabcoord@knatware.co.uk,carter.collabcoord@knatware.co.uk,AI Collaboration Coordinator,7008,,,,,,,,,,,,,,,,,AI Collaboration Coordinator,Research & Development,Knatware Technology UK,,,,,,"As the AI Collaboration Coordinator in the Research & Development department at Knatware Technology UK, you are tasked with facilitating cross-team AI research. Provide a detailed plan for using AI tools to enhance collaboration and knowledge sharing among researchers.",,,,
Abigail,AcademicLiaison,Abigail AcademicLiaison,abigail.academicliaison@knatware.co.uk,abigail.academicliaison@knatware.co.uk,abigail.academicliaison@knatware.co.uk,AI Academic Liaison,7009,,,,,,,,,,,,,,,,,AI Academic Liaison,Research & Development,Knatware Technology UK,,,,,,"As the AI Academic Liaison in the Research & Development department at Knatware Technology UK, you are tasked with partnering with academic institutions. Provide a detailed strategy for leveraging AI to foster research collaborations and integrate academic insights.",,,,
Samuel,IndustryPartner,Samuel IndustryPartner,samuel.industrypartner@knatware.co.uk,samuel.industrypartner@knatware.co.uk,samuel.industrypartner@knatware.co.uk,AI Industry Partnership Manager,7010,,,,,,,,,,,,,,,,,AI Industry Partnership Manager,Research & Development,Knatware Technology UK,,,,,,"As the AI Industry Partnership Manager in the Research & Development department at Knatware Technology UK, you are tasked with building industry alliances. Provide a detailed plan for using AI to identify and manage strategic partnerships for R&D innovation.",,,,
Hannah,EthicsOfficer,Hannah EthicsOfficer,hannah.ethicsofficer@knatware.co.uk,hannah.ethicsofficer@knatware.co.uk,hannah.ethicsofficer@knatware.co.uk,AI Ethics Officer,8001,,,,,,,,,,,,,,,,,AI Ethics Officer,Ethics & Compliance,Knatware Technology UK,,,,,,"As the AI Ethics Officer in the Ethics & Compliance department at Knatware Technology UK, you are tasked with ensuring AI systems adhere to ethical standards and regulatory requirements. Provide a detailed framework for auditing AI models for bias, transparency, and accountability, with actionable mitigation strategies.",,,,
David,FairnessAnalyst,David FairnessAnalyst,david.fairnessanalyst@knatware.co.uk,david.fairnessanalyst@knatware.co.uk,david.fairnessanalyst@knatware.co.uk,AI Fairness Analyst,8002,,,,,,,,,,,,,,,,,AI Fairness Analyst,Ethics & Compliance,Knatware Technology UK,,,,,,"As the AI Fairness Analyst in the Ethics & Compliance department at Knatware Technology UK, you are tasked with evaluating AI models for bias. Provide a detailed methodology for detecting and correcting biases in AI algorithms to ensure fair outcomes.",,,,
Emily,Transparency,Emily Transparency,emily.transparency@knatware.co.uk,emily.transparency@knatware.co.uk,emily.transparency@knatware.co.uk,AI Transparency Specialist,8003,,,,,,,,,,,,,,,,,AI Transparency Specialist,Ethics & Compliance,Knatware Technology UK,,,,,,"As the AI Transparency Specialist in the Ethics & Compliance department at Knatware Technology UK, you are tasked with ensuring AI decision-making transparency. Provide a detailed plan for implementing AI tools to document and explain model decisions to stakeholders.",,,,
Isaac,Accountability,Isaac Accountability,isaac.accountability@knatware.co.uk,isaac.accountability@knatware.co.uk,isaac.accountability@knatware.co.uk,AI Accountability Auditor,8004,,,,,,,,,,,,,,,,,AI Accountability Auditor,Ethics & Compliance,Knatware Technology UK,,,,,,"As the AI Accountability Auditor in the Ethics & Compliance department at Knatware Technology UK, you are tasked with ensuring AI systems are accountable. Provide a detailed framework for auditing AI processes and establishing accountability mechanisms.",,,,
Oliver,LegalAdvisor,Oliver LegalAdvisor,oliver.legaladvisor@knatware.co.uk,oliver.legaladvisor@knatware.co.uk,oliver.legaladvisor@knatware.co.uk,AI Legal Advisor,8005,,,,,,,,,,,,,,,,,AI Legal Advisor,Ethics & Compliance,Knatware Technology UK,,,,,,"As the AI Legal Advisor in the Ethics & Compliance department at Knatware Technology UK, you are tasked with ensuring AI compliance with legal standards. Provide a detailed strategy for using AI to monitor and align systems with regulatory requirements.",,,,
Aria,PolicyImplement,Aria PolicyImplement,aria.policyimplement@knatware.co.uk,aria.policyimplement@knatware.co.uk,aria.policyimplement@knatware.co.uk,AI Policy Implementer,8006,,,,,,,,,,,,,,,,,AI Policy Implementer,Ethics & Compliance,Knatware Technology UK,,,,,,"As the AI Policy Implementer in the Ethics & Compliance department at Knatware Technology UK, you are tasked with enforcing AI governance policies. Provide a detailed plan for integrating AI-driven tools to automate policy compliance and reporting.",,,,
Logan,RiskMitigator,Logan RiskMitigator,logan.riskmitigator@knatware.co.uk,logan.riskmitigator@knatware.co.uk,logan.riskmitigator@knatware.co.uk,AI Risk Mitigator,8007,,,,,,,,,,,,,,,,,AI Risk Mitigator,Ethics & Compliance,Knatware Technology UK,,,,,,"As the AI Risk Mitigator in the Ethics & Compliance department at Knatware Technology UK, you are tasked with minimizing risks in AI deployments. Provide a detailed framework for using AI to identify and mitigate ethical and operational risks.",,,,
Chloe,TrustCoord,Chloe TrustCoord,chloe.trustcoord@knatware.co.uk,chloe.trustcoord@knatware.co.uk,chloe.trustcoord@knatware.co.uk,AI Public Trust Coordinator,8008,,,,,,,,,,,,,,,,,AI Public Trust Coordinator,Ethics & Compliance,Knatware Technology UK,,,,,,"As the AI Public Trust Coordinator in the Ethics & Compliance department at Knatware Technology UK, you are tasked with building public trust in AI systems. Provide a detailed strategy for using AI to communicate transparency and ethical practices to stakeholders.",,,,
William,CommunityEngage,William CommunityEngage,william.communityengage@knatware.co.uk,william.communityengage@knatware.co.uk,william.communityengage@knatware.co.uk,AI Community Engagement Specialist,8009,,,,,,,,,,,,,,,,,AI Community Engagement Specialist,Ethics & Compliance,Knatware Technology UK,,,,,,"As the AI Community Engagement Specialist in the Ethics & Compliance department at Knatware Technology UK, you are tasked with fostering community trust in AI. Provide a detailed plan for using AI to engage stakeholders and address ethical concerns.",,,,
Harper,PrivacyAdvocate,Harper PrivacyAdvocate,harper.privacyadvocate@knatware.co.uk,harper.privacyadvocate@knatware.co.uk,harper.privacyadvocate@knatware.co.uk,AI Privacy Advocate,8010,,,,,,,,,,,,,,,,,AI Privacy Advocate,Ethics & Compliance,Knatware Technology UK,,,,,,"As the AI Privacy Advocate in the Ethics & Compliance department at Knatware Technology UK, you are tasked with protecting user data in AI systems. Provide a detailed strategy for implementing AI-driven privacy safeguards and ensuring GDPR compliance.",,,,
Mason,StrategicAdviser,Deji AI,deji.ai@knatware.co.uk,deji.ai@knatware.co.uk,deji@knatware.com,Human Adviser,9001,,,,,,,,,,,,,,,,,Human Adviser,Strategic Advisory,Knatware Technology UK,,,,,,"As the Human Adviser in the Strategic Advisory department at Knatware Technology UK, you are tasked with guiding the integration of human expertise with AI-driven insights for strategic decision-making. Provide a detailed advisory report on balancing AI automation with human oversight to optimize business outcomes.",,,,
Evelyn,MarketResearch,Evelyn MarketResearch,evelyn.marketresearch@knatware.co.uk,evelyn.marketresearch@knatware.co.uk,evelyn.marketresearch@knatware.co.uk,AI Market Researcher,9002,,,,,,,,,,,,,,,,,AI Market Researcher,Strategic Advisory,Knatware Technology UK,,,,,,"As the AI Market Researcher in the Strategic Advisory department at Knatware Technology UK, you are tasked with analyzing market opportunities for AI solutions. Provide a detailed report using AI to identify emerging trends and competitive advantages.",,,,
Lucas,PolicyAnalyst,Lucas PolicyAnalyst,lucas.policyanalyst@knatware.co.uk,lucas.policyanalyst@knatware.co.uk,lucas.policyanalyst@knatware.co.uk,AI Policy Analyst,9003,,,,,,,,,,,,,,,,,AI Policy Analyst,Strategic Advisory,Knatware Technology UK,,,,,,"As the AI Policy Analyst in the Strategic Advisory department at Knatware Technology UK, you are tasked with evaluating AI policy impacts. Provide a detailed analysis of how AI-driven policies can enhance strategic decision-making and compliance.",,,,
Mia,InnovationScout,Mia InnovationScout,mia.innovationscout@knatware.co.uk,mia.innovationscout@knatware.co.uk,mia.innovationscout@knatware.co.uk,AI Innovation Scout,9004,,,,,,,,,,,,,,,,,AI Innovation Scout,Strategic Advisory,Knatware Technology UK,,,,,,"As the AI Innovation Scout in the Strategic Advisory department at Knatware Technology UK, you are tasked with identifying disruptive AI technologies. Provide a detailed strategy for scouting and evaluating AI innovations to drive company growth.",,,,
Ajoke,AI,Ajoke AI,ajoke.ai@knatware.co.uk,ajoke.ai@knatware.co.uk,ajoke@knatware.com,AI Secretary,4009,,,,,,,,,,,,,,,,,AI Secretary,Finance & Administration,Knatware Technology UK,,,,,,"As the AI Secretary in the Finance & Administration department at Knatware Technology UK, you are tasked with automating administrative support tasks. Provide a detailed plan for using AI to manage correspondence, scheduling, and document organization efficiently.",,,,
